array_name,top_left_lat,top_left_long,top_right_lat,top_right_long,bottom_left_lat,bottom_left_long,bottom_right_lat,bottom_right_long
Array Name,36.40825445236362,140.3528147857511,36.408253372240765,140.3530196445842,36.408236511640624,140.35281319346765,36.408235431240826,140.3530180522512
Array Name,36.408236511640624,140.35281319346765,36.408235431240826,140.3530180522512,36.40821857091761,140.35281160118492,36.408217490240894,140.35301645991893
Array Name,36.40821857091761,140.35281160118492,36.408217490240894,140.35301645991893,36.40820156507774,140.35281009187443,36.40820030497306,140.3530149489807
Array Name,36.408253372240765,140.3530196445842,36.40825229176803,140.35322450341167,36.408235431240826,140.3530180522512,36.40823435049115,140.35322291102906
Array Name,36.408235431240826,140.3530180522512,36.40823435049115,140.35322291102906,36.408217490240894,140.35301645991893,36.40821640921429,140.3532213186472
Array Name,36.408217490240894,140.35301645991893,36.40821640921429,140.3532213186472,36.40820030497306,140.3530149489807,36.408199044518504,140.35321980608035
Array Name,36.40825229176803,140.35322450341167,36.40825121436827,140.35342901162116,36.40823435049115,140.35322291102906,36.408233272729746,140.35342743534463
Array Name,36.40823435049115,140.35322291102906,36.408233272729746,140.35342743534463,36.40821640921429,140.3532213186472,36.408215331091206,140.35342585906886
Array Name,36.40821640921429,140.3532213186472,36.408215331091206,140.35342585906886,36.408199044518504,140.35321980608035,36.40819778741302,140.35342431775524
